kept_source,kept_id,removed_source,removed_id,time_difference_seconds,distance_km,magnitude_difference
EMSC,20261006_0000291,EMSC,20261006_0000290,65,26.78,0.3
IGP,2026-719,EMSC,20261005_0000355,0,0.0,0.0
IGP,2026-718,EMSC,20261005_0000337,0,0.0,0.0
EMSC,20261005_0000209,EMSC,20261005_0000210,109,3.98,0.1
IGP,2026-717,EMSC,20261005_0000172,0,0.0,0.0
IGP,2026-716,EMSC,20261005_0000013,0,0.0,0.0
IGP,2026-715,EMSC,20261004_0000367,0,0.0,0.0
EMSC,20261004_0000387,EMSC,20261004_0000388,114,35.72,0.0
IGP,2026-714,EMSC,20261004_0000326,0,0.0,0.0
IGP,2026-713,EMSC,20261004_0000122,2,4.83,0.2
IGP,2026-712,EMSC,20261004_0000108,0,0.0,0.0
IGP,2026-711,EMSC,20261004_0000105,0,0.0,0.0
EMSC,20261004_0000049,EMSC,20261004_0000050,64,14.5,0.3
EMSC,20261003_0000052,EMSC,20261003_0000053,120,0.0,0.5
IGP,2026-710,EMSC,20261002_0000328,0,0.0,0.0
IGP,2026-709,EMSC,20261002_0000242,0,0.0,0.0
IGP,2026-708,EMSC,20261002_0000208,0,0.0,0.0
IGP,2026-707,EMSC,20261002_0000159,0,0.0,0.0
EMSC,20261002_0000153,EMSC,20261002_0000155,87,15.84,0.1
IGP,2026-706,EMSC,20261002_0000129,0,0.0,0.0
IGP,2026-705,EMSC,20261002_0000068,0,0.0,0.0
IGP,2026-704,EMSC,20261001_0000348,0,0.0,0.0
EMSC,20261001_0000066,EMSC,20261001_0000064,73,27.88,0.0
IGP,2026-703,EMSC,20260930_0000226,0,0.0,0.0
IGP,2026-702,EMSC,20260930_0000194,0,0.0,0.0
EMSC,20260930_0000173,EMSC,20260930_0000176,98,1.55,0.2
IGP,2026-701,EMSC,20260930_0000172,0,0.0,0.0
IGP,2026-700,EMSC,20260930_0000084,0,0.0,0.0
IGP,2026-699,EMSC,20260930_0000021,0,0.0,0.0
IGP,2026-698,EMSC,20260929_0000251,0,0.0,0.0
IGP,2026-696,EMSC,20260928_0000248,0,0.0,0.0
EMSC,20260927_0000352,EMSC,20260927_0000351,74,5.56,0.2
EMSC,20261006_0000299,USGS,hv75051227,0,0.0,0.0
EMSC,20261006_0000303,USGS,hv75051197,0,0.0,0.02
EMSC,20261006_0000294,USGS,us6000u0le,0,0.0,0.0
EMSC,20261006_0000277,USGS,aka2026tvbgrt,2,8.53,0.0
EMSC,20261006_0000274,USGS,nn00925389,0,0.0,0.1
EMSC,20261006_0000276,USGS,us6000u0km,0,0.0,0.0
EMSC,20261006_0000266,USGS,us6000u0kh,1,24.55,0.4
EMSC,20261006_0000284,USGS,us6000u0k1,0,0.0,0.3
EMSC,20261006_0000282,USGS,us6000u0k2,0,0.0,0.0
EMSC,20261006_0000254,USGS,aka2026tuxgky,0,3.67,0.0
EMSC,20261006_0000250,USGS,us6000u0jq,1,14.19,0.0
EMSC,20261006_0000246,USGS,us6000u0ji,2,20.04,0.0
EMSC,20261006_0000238,USGS,nn00925376,0,2.45,0.01
EMSC,20261006_0000268,USGS,us6000u0j2,0,0.0,0.0
EMSC,20261006_0000229,USGS,us6000u0hz,0,0.0,0.0
EMSC,20261006_0000225,USGS,us6000u0hy,0,7.3,0.0
EMSC,20261006_0000224,USGS,pr71535908,0,0.01,0.03
EMSC,20261006_0000208,USGS,nn00925363,1,1.55,0.05
EMSC,20261006_0000213,USGS,us6000u01m,0,0.0,0.0
EMSC,20261006_0000242,USGS,us6000u0jh,6,31.66,0.1
EMSC,20261006_0000158,USGS,us6000tzwi,1,24.81,0.0
EMSC,20261006_0000155,USGS,us6000tzwg,1,5.39,0.0
EMSC,20261006_0000150,USGS,us6000tzwb,1,27.11,0.2
EMSC,20261006_0000245,USGS,tx2026trgpil,0,0.0,0.0
EMSC,20261006_0000106,USGS,ci41344007,1,0.85,0.0
EMSC,20261006_0000100,USGS,us6000tzvn,0,0.0,0.0
EMSC,20261006_0000094,USGS,ci41343975,0,0.0,0.0
EMSC,20261006_0000082,USGS,us6000tzva,0,1.98,0.0
EMSC,20261006_0000071,USGS,us6000tzv6,0,3.49,0.0
EMSC,20261006_0000068,USGS,aka2026ttygip,1,3.81,0.0
EMSC,20261006_0000053,USGS,us6000tzus,1,3.2,0.0
EMSC,20261006_0000049,USGS,us6000tzun,0,0.0,0.0
EMSC,20261006_0000051,USGS,us6000tzuq,0,0.0,0.0
EMSC,20261006_0000043,USGS,aka2026ttudjl,1,2.97,0.0
EMSC,20261006_0000046,USGS,us6000tzul,0,0.0,0.0
EMSC,20261006_0000042,USGS,us6000tzuj,0,6.02,0.0
EMSC,20261006_0000016,USGS,us6000tzu2,0,1.39,0.0
EMSC,20261006_0000007,USGS,us6000tztx,0,6.9,0.0
EMSC,20261005_0000382,USGS,us6000tzth,0,12.75,0.0
EMSC,20261005_0000413,USGS,us6000tztg,0,0.0,0.0
EMSC,20261005_0000361,USGS,ci41343799,0,0.0,0.01
EMSC,20261005_0000412,USGS,us6000tzsr,0,0.0,0.0
EMSC,20261005_0000411,USGS,us6000tzss,0,9.29,0.0
EMSC,20261005_0000414,USGS,aka2026ttftim,0,6.3,0.1
EMSC,20261005_0000335,USGS,ci41343775,0,0.0,0.01
EMSC,20261005_0000340,USGS,us6000tzsc,1,13.88,0.0
EMSC,20261005_0000332,USGS,ci41343767,0,0.0,0.12
EMSC,20261005_0000327,USGS,us6000tzry,0,13.05,0.0
EMSC,20261005_0000308,USGS,us6000tzpz,0,0.0,0.0
EMSC,20261005_0000302,USGS,aka2026ttagyp,0,5.35,0.2
EMSC,20261005_0000294,USGS,us6000tzpp,0,0.0,0.3
EMSC,20261005_0000290,USGS,us6000tzpq,1,13.45,0.0
EMSC,20261005_0000291,USGS,tx2026tputog,3,4.3,0.1
EMSC,20261005_0000278,USGS,aka2026tsxxtn,0,3.59,0.1
EMSC,20261005_0000326,USGS,aka2026tswjcq,1,3.65,0.0
EMSC,20261005_0000264,USGS,nc75445011,0,0.0,0.01
EMSC,20261005_0000261,USGS,ci41343551,1,0.15,0.19
EMSC,20261005_0000319,USGS,us6000tzp4,0,0.0,0.0
EMSC,20261005_0000220,USGS,us6000tznu,0,4.97,0.0
EMSC,20261005_0000201,USGS,hv75050162,0,0.01,0.31
EMSC,20261005_0000200,USGS,tx2026tpkyfx,0,0.0,0.0
EMSC,20261005_0000217,USGS,us6000tznk,3,0.26,0.0
EMSC,20261005_0000196,USGS,aka2026tsoksi,0,2.86,0.0
EMSC,20261005_0000194,USGS,us6000tznh,0,5.48,0.0
EMSC,20261005_0000182,USGS,aka2026tsmher,0,8.42,0.0
EMSC,20261005_0000183,USGS,us6000tzna,0,3.24,0.0
EMSC,20261005_0000137,USGS,us6000tzmz,0,22.85,0.4
EMSC,20261005_0000135,USGS,pr71535823,0,0.01,0.0
EMSC,20261005_0000123,USGS,us6000tzmt,0,0.28,0.0
EMSC,20261005_0000105,USGS,us6000tzmk,1,3.81,0.0
EMSC,20261005_0000089,USGS,us6000tzme,1,13.38,0.0
EMSC,20261005_0000067,USGS,us6000tzm7,2,12.46,0.0
EMSC,20261005_0000061,USGS,pr71535753,0,0.0,0.01
EMSC,20261005_0000049,USGS,mb90210028,0,0.0,0.05
EMSC,20261005_0000035,USGS,us6000tzlz,1,15.5,0.2
EMSC,20261005_0000028,USGS,nn00925282,0,0.0,0.0
EMSC,20261005_0000020,USGS,us6000tzlp,0,0.83,0.0
EMSC,20261004_0000373,USGS,us6000tzlf,2,1.74,0.0
EMSC,20261004_0000366,USGS,us6000tzl7,0,5.63,0.0
EMSC,20261004_0000355,USGS,us6000tzl3,0,3.14,0.0
EMSC,20261004_0000356,USGS,us6000tzl0,0,0.0,0.0
EMSC,20261004_0000312,USGS,us6000tzkn,0,7.04,0.0
EMSC,20261004_0000314,USGS,us6000tzkm,0,7.19,0.0
EMSC,20261004_0000301,USGS,us6000tzka,0,0.0,0.0
EMSC,20261004_0000277,USGS,us6000tzjy,1,5.41,0.0
EMSC,20261004_0000276,USGS,us6000tzjw,1,4.88,0.0
EMSC,20261004_0000270,USGS,hv75049762,0,0.01,0.16
EMSC,20261004_0000264,USGS,nn00925269,0,0.0,0.1
EMSC,20261004_0000262,USGS,aka2026trbbuc,1,9.12,0.1
EMSC,20261004_0000254,USGS,us6000tzjn,0,3.72,0.0
EMSC,20261004_0000233,USGS,us6000tzjg,0,17.64,0.0
EMSC,20261004_0000246,USGS,us6000tzj9,0,0.0,0.0
EMSC,20261004_0000216,USGS,us6000tzj8,1,13.67,0.0
EMSC,20261004_0000191,USGS,aka2026tqvifo,0,3.03,0.0
EMSC,20261004_0000177,USGS,aka2026tqtplt,1,1.56,0.0
EMSC,20261004_0000179,USGS,us6000tziz,2,11.36,0.0
EMSC,20261004_0000167,USGS,ci41342975,0,5.45,0.1
EMSC,20261004_0000160,USGS,us6000tzis,1,9.12,0.0
EMSC,20261004_0000156,USGS,us6000tzip,0,2.71,0.0
EMSC,20261004_0000153,USGS,us6000tzil,0,5.83,0.1
EMSC,20261004_0000144,USGS,us6000tzif,1,9.52,0.0
EMSC,20261004_0000143,USGS,us6000tzid,0,3.23,0.0
EMSC,20261004_0000150,USGS,us6000tzic,0,0.55,0.0
EMSC,20261004_0000140,USGS,us6000tzi8,0,3.57,0.0
EMSC,20261004_0000133,USGS,us6000tzi5,0,7.57,0.0
EMSC,20261004_0000123,USGS,pr2026277001,0,0.0,0.19
IGP,2026-713,USGS,us6000tzhy,3,3.69,0.2
EMSC,20261004_0000169,USGS,pr71535688,0,0.0,0.01
EMSC,20261004_0000117,USGS,pr71535683,0,0.01,0.02
EMSC,20261004_0000081,USGS,us6000tzh0,0,8.61,0.0
EMSC,20261004_0000065,USGS,pr71535643,0,0.01,0.01
EMSC,20261004_0000066,USGS,pr71535638,0,0.0,0.05
EMSC,20261004_0000057,USGS,pr71535613,0,0.0,0.03
EMSC,20261004_0000032,USGS,aka2026tpxzfg,0,5.58,0.0
EMSC,20261004_0000054,USGS,us6000tzg0,0,0.0,0.0
EMSC,20261004_0000031,USGS,us6000tzfv,1,6.33,0.0
EMSC,20261004_0000014,USGS,us6000tzfr,1,4.44,0.0
EMSC,20261003_0000282,USGS,us6000tzfg,1,10.61,0.0
EMSC,20261003_0000288,USGS,us6000tzf8,4,21.86,0.0
EMSC,20261003_0000277,USGS,us6000tzf7,2,5.53,0.0
EMSC,20261003_0000270,USGS,us6000tzer,0,4.75,0.0
EMSC,20261003_0000269,USGS,aka2026tprqrm,1,20.83,0.0
EMSC,20261003_0000287,USGS,us6000tzen,0,0.0,0.0
EMSC,20261003_0000279,USGS,us6000tzfa,2,18.67,0.1
EMSC,20261003_0000256,USGS,us6000tzee,1,19.83,0.2
EMSC,20261003_0000262,USGS,aka2026tponmw,1,6.54,0.0
EMSC,20261003_0000311,USGS,tx2026tmkahp,0,0.0,0.0
EMSC,20261003_0000249,USGS,us6000tze6,4,36.54,0.0
EMSC,20261003_0000241,USGS,us6000tze2,1,28.21,0.0
EMSC,20261003_0000240,USGS,us6000tzdz,0,11.38,0.0
EMSC,20261003_0000225,USGS,us6000tzdp,0,6.16,0.0
EMSC,20261003_0000217,USGS,us6000tzdj,1,4.21,0.0
EMSC,20261003_0000214,USGS,aka2026tpgsir,0,2.88,0.0
EMSC,20261003_0000224,USGS,us6000tzda,2,14.19,0.2
EMSC,20261003_0000198,USGS,pr71535538,0,0.01,0.04
EMSC,20261003_0000308,USGS,uu80158441,0,0.0,0.01
EMSC,20261003_0000188,USGS,pr2026276001,0,37.59,0.21
EMSC,20261003_0000206,USGS,us6000tzcv,5,36.49,0.0
EMSC,20261003_0000160,USGS,nn00925220,1,4.49,0.05
EMSC,20261003_0000178,USGS,us6000tzcm,0,0.0,0.0
EMSC,20261003_0000161,USGS,pr71535513,0,0.0,0.0
EMSC,20261003_0000133,USGS,us6000tzc5,0,6.76,0.0
EMSC,20261003_0000125,USGS,pr2026276000,0,0.0,0.05
EMSC,20261003_0000113,USGS,aka2026toserr,0,7.65,0.0
EMSC,20261003_0000121,USGS,us6000tzbz,0,13.34,0.0
EMSC,20261003_0000104,USGS,us6000tzbr,1,4.94,0.0
EMSC,20261003_0000122,USGS,pr71535478,0,0.01,0.01
EMSC,20261003_0000083,USGS,us6000tzbe,0,0.0,0.0
EMSC,20261003_0000077,USGS,nc75443306,1,0.89,0.21
EMSC,20261003_0000072,USGS,us6000tzb5,0,3.66,0.0
EMSC,20261003_0000071,USGS,pr71535448,0,0.0,0.01
EMSC,20261003_0000059,USGS,us6000tzax,0,0.0,0.3
EMSC,20261003_0000045,USGS,us6000tzal,0,17.68,0.0
EMSC,20261003_0000015,USGS,us6000tza4,0,0.0,0.4
EMSC,20261003_0000003,USGS,us6000tz9w,0,1.55,0.0
EMSC,20261003_0000002,USGS,us6000tz9v,0,9.39,0.0
EMSC,20261002_0000343,USGS,us6000tz9t,1,9.94,0.0
EMSC,20261002_0000341,USGS,us6000tz9s,1,14.51,0.0
EMSC,20261002_0000361,USGS,us6000tzit,0,0.0,0.0
EMSC,20261002_0000362,USGS,us6000tz8s,0,0.0,0.0
EMSC,20261002_0000297,USGS,us6000tz8l,0,19.69,0.0
EMSC,20261002_0000344,USGS,us6000tzd5,1,23.82,0.0
EMSC,20261002_0000344,USGS,us6000tz8g,32,38.86,0.1
EMSC,20261002_0000293,USGS,us6000tz8f,0,0.0,0.0
EMSC,20261002_0000292,USGS,us6000tz8c,7,19.78,0.1
EMSC,20261002_0000302,USGS,us6000tz8b,0,0.0,0.0
EMSC,20261002_0000289,USGS,us6000tz8a,1,3.2,0.0
EMSC,20261002_0000300,USGS,us6000tz7t,0,4.71,0.0
EMSC,20261002_0000261,USGS,us6000tz7b,1,20.26,0.0
EMSC,20261002_0000256,USGS,hv75048472,0,0.0,0.01
EMSC,20261002_0000250,USGS,us6000tz75,1,4.69,0.0
EMSC,20261002_0000372,USGS,tx2026tkhqaz,0,0.0,0.0
EMSC,20261002_0000243,USGS,us6000tzaj,1,5.15,0.1
EMSC,20261002_0000359,USGS,us6000tz6z,0,0.0,0.0
EMSC,20261002_0000236,USGS,us6000tz62,1,19.68,0.0
EMSC,20261002_0000234,USGS,us6000tz5h,1,11.03,0.0
EMSC,20261002_0000233,USGS,us6000tz20,1,3.01,0.0
EMSC,20261002_0000223,USGS,us6000tz1y,0,3.75,0.0
EMSC,20261002_0000205,USGS,us6000tz1r,0,5.5,0.4
EMSC,20261002_0000207,USGS,us6000tz1q,0,1.82,0.0
EMSC,20261002_0000358,USGS,aka2026tnfazg,0,1.16,0.0
EMSC,20261002_0000175,USGS,us6000tz1c,0,10.6,0.0
EMSC,20261002_0000174,USGS,pr71535348,0,0.0,0.02
EMSC,20261002_0000153,USGS,pr2026275000,0,0.0,0.04
EMSC,20261002_0000153,USGS,pr71535328,87,15.83,0.13
EMSC,20261002_0000147,USGS,us6000tz0z,2,35.61,0.0
EMSC,20261002_0000145,USGS,us6000tz0x,1,2.34,0.0
EMSC,20261002_0000124,USGS,nc75442791,1,0.56,0.03
EMSC,20261002_0000140,USGS,aka2026tmvtvv,1,4.93,0.0
EMSC,20261002_0000125,USGS,tx2026tjshuj,0,1.76,0.1
EMSC,20261002_0000107,USGS,nn00925155,0,0.0,0.07
EMSC,20261002_0000079,USGS,us6000tyzx,0,15.8,0.0
EMSC,20261002_0000082,USGS,us6000tyzy,0,0.0,0.0
EMSC,20261002_0000160,USGS,aka2026tmocjx,0,0.0,0.0
EMSC,20261002_0000059,USGS,us6000tyzt,0,30.7,0.0
EMSC,20261002_0000043,USGS,us6000tyzl,1,10.63,0.0
EMSC,20261002_0000037,USGS,us6000tyzi,0,12.57,0.0
EMSC,20261002_0000039,USGS,us6000tyzg,0,11.08,0.0
EMSC,20261002_0000360,USGS,us6000tzim,0,0.0,0.0
EMSC,20261001_0000315,USGS,us6000tyx0,0,7.95,0.0
EMSC,20261001_0000312,USGS,us6000tywu,0,7.05,0.0
EMSC,20261001_0000319,USGS,aka2026tlsylt,0,2.89,0.0
EMSC,20261001_0000294,USGS,tx2026tiooka,0,0.0,0.0
EMSC,20261001_0000285,USGS,us6000tyw9,1,10.94,0.4
EMSC,20261001_0000280,USGS,us6000tyw6,0,7.68,0.0
EMSC,20261001_0000275,USGS,us6000tyw4,1,10.0,0.0
EMSC,20261001_0000377,USGS,us6000tyvs,0,0.0,0.0
EMSC,20261001_0000251,USGS,aka2026tlkkpe,0,6.29,0.0
EMSC,20261001_0000248,USGS,us6000tyuf,1,7.42,0.0
EMSC,20261001_0000238,USGS,us6000tyua,0,7.41,0.0
EMSC,20261001_0000218,USGS,us6000tyu2,1,4.14,0.0
EMSC,20261001_0000196,USGS,us6000tytw,1,3.26,0.4
EMSC,20261001_0000376,USGS,us6000tytv,0,0.0,0.0
EMSC,20261001_0000357,USGS,aka2026tlezlc,0,2.04,0.2
EMSC,20261001_0000192,USGS,us6000tytg,0,8.74,0.0
EMSC,20261001_0000379,USGS,aka2026tlelut,0,4.07,0.0
EMSC,20261001_0000170,USGS,us6000tysk,2,23.9,0.3
EMSC,20261001_0000157,USGS,aka2026tlapkt,1,2.2,0.0
EMSC,20261001_0000167,USGS,us6000tysi,1,4.69,0.0
EMSC,20261001_0000378,USGS,aka2026tkytvy,0,2.32,0.0
EMSC,20261001_0000134,USGS,pr71535278,0,0.0,0.02
EMSC,20261001_0000130,USGS,us6000tyr4,3,0.0,0.0
EMSC,20261001_0000124,USGS,us6000tyqy,1,5.98,0.0
EMSC,20261001_0000112,USGS,us6000tyqw,0,0.0,0.3
EMSC,20261001_0000100,USGS,hv75046747,0,0.0,0.09
EMSC,20261001_0000107,USGS,us6000tyqx,0,21.33,0.0
EMSC,20261001_0000070,USGS,us6000tyq7,0,0.81,0.0
EMSC,20261001_0000098,USGS,pr2026274000,0,0.0,0.0
EMSC,20261001_0000069,USGS,us6000typy,2,22.42,0.0
EMSC,20261001_0000040,USGS,aka2026tkmymd,1,6.26,0.0
EMSC,20261001_0000039,USGS,aka2026tkmsuy,0,4.54,0.0
EMSC,20261001_0000035,USGS,us6000typ7,2,13.23,0.0
EMSC,20261001_0000048,USGS,us6000typ5,1,10.48,0.0
EMSC,20261001_0000027,USGS,us6000typ0,1,15.24,0.0
EMSC,20261001_0000024,USGS,us6000tyny,5,4.88,0.0
EMSC,20261001_0000015,USGS,us6000tynp,0,4.84,0.0
EMSC,20261001_0000016,USGS,ci41341279,0,0.0,0.08
EMSC,20260930_0000275,USGS,us6000tymj,1,8.7,0.0
EMSC,20260930_0000272,USGS,us6000tym9,0,6.84,0.0
EMSC,20260930_0000259,USGS,nc75441996,0,1.21,0.19
EMSC,20260930_0000270,USGS,pr71535218,0,0.0,0.03
EMSC,20260930_0000266,USGS,pr71535213,0,0.01,0.04
EMSC,20260930_0000253,USGS,nc75441981,0,0.0,0.03
EMSC,20260930_0000237,USGS,tx2026tguohs,3,3.99,0.1
EMSC,20260930_0000251,USGS,us6000tyl5,1,14.19,0.1
EMSC,20260930_0000227,USGS,us6000tykw,0,9.7,0.0
EMSC,20260930_0000223,USGS,us6000tyku,0,4.84,0.0
EMSC,20260930_0000212,USGS,us6000tyke,0,13.65,0.0
EMSC,20260930_0000179,USGS,hv75045952,1,4.64,0.28
EMSC,20260930_0000186,USGS,pr71535193,0,0.01,0.0
EMSC,20260930_0000154,USGS,tx2026tgiogl,0,0.87,0.1
EMSC,20260930_0000325,USGS,us6000tyjm,0,0.0,0.0
EMSC,20260930_0000128,USGS,us6000tyjl,1,8.21,0.0
EMSC,20260930_0000118,USGS,us6000tyjb,2,3.63,0.0
EMSC,20260930_0000134,USGS,pr2026273001,0,0.0,0.02
EMSC,20260930_0000109,USGS,aka2026tjfajm,0,2.17,0.0
EMSC,20260930_0000108,USGS,tx2026tgcgrj,0,0.0,0.1
EMSC,20260930_0000324,USGS,pr2026273000,4,33.43,0.0
EMSC,20260930_0000083,USGS,tx2026tfzcgy,0,0.0,0.1
EMSC,20260930_0000075,USGS,us6000tyit,2,16.69,0.0
EMSC,20260930_0000091,USGS,us6000tyil,0,0.0,0.0
EMSC,20260930_0000064,USGS,us6000tyik,0,7.79,0.0
EMSC,20260930_0000060,USGS,us6000tyid,0,8.24,0.0
EMSC,20260930_0000052,USGS,us6000tyhn,0,6.73,0.5
EMSC,20260930_0000048,USGS,us6000tyhk,1,7.23,0.0
EMSC,20260930_0000050,USGS,us6000tyhi,1,25.2,0.0
EMSC,20260930_0000042,USGS,us6000tyhe,0,10.04,0.0
EMSC,20260930_0000032,USGS,ci41340823,0,0.0,0.11
EMSC,20260930_0000029,USGS,us6000tyh0,3,38.78,0.3
EMSC,20260930_0000030,USGS,us6000tygz,3,12.04,0.0
EMSC,20260930_0000022,USGS,us6000tygs,5,28.53,0.0
EMSC,20260930_0000017,USGS,us6000tygq,0,12.46,0.0
EMSC,20260930_0000005,USGS,us6000tygh,3,26.17,0.0
EMSC,20260929_0000304,USGS,us6000tyfk,3,12.36,0.0
EMSC,20260929_0000289,USGS,uw714111952,0,0.0,0.25
EMSC,20260929_0000290,USGS,us6000tyf0,0,3.52,0.0
EMSC,20260929_0000254,USGS,us6000tye9,0,6.55,0.0
EMSC,20260929_0000239,USGS,us6000tycv,5,24.48,0.0
EMSC,20260929_0000219,USGS,nc75444432,0,0.0,0.02
EMSC,20260929_0000228,USGS,us6000tycz,1,28.24,0.0
EMSC,20260929_0000245,USGS,us6000tyck,0,0.0,0.0
EMSC,20260929_0000207,USGS,us6000tych,1,26.99,0.0
EMSC,20260929_0000195,USGS,us6000tyc9,3,32.03,0.0
EMSC,20260929_0000169,USGS,us6000tyc3,1,13.79,0.0
EMSC,20260929_0000164,USGS,us6000tyc1,1,24.53,0.0
EMSC,20260929_0000147,USGS,nc75444322,1,3.21,0.03
EMSC,20260929_0000144,USGS,us6000tybs,0,0.0,0.0
EMSC,20260929_0000133,USGS,us6000tybr,2,13.63,0.0
EMSC,20260929_0000138,USGS,us6000tybl,3,19.59,0.1
EMSC,20260929_0000120,USGS,us6000tybk,0,13.01,0.0
EMSC,20260929_0000115,USGS,aka2026thikql,1,3.16,0.0
EMSC,20260929_0000110,USGS,nn00925017,1,7.74,0.07
EMSC,20260929_0000101,USGS,us6000tyb6,0,20.55,0.0
EMSC,20260929_0000345,USGS,aka2026thenke,0,2.91,0.0
EMSC,20260929_0000071,USGS,us6000tyat,2,17.35,0.0
EMSC,20260929_0000096,USGS,us6000tyap,0,0.0,0.0
EMSC,20260929_0000052,USGS,us6000tyab,0,0.0,0.0
EMSC,20260929_0000057,USGS,pr71535083,0,0.01,0.03
EMSC,20260929_0000040,USGS,us6000tya5,0,12.11,0.0
EMSC,20260929_0000032,USGS,us6000ty9x,0,8.97,0.0
EMSC,20260929_0000025,USGS,pr71535063,0,0.01,0.07
EMSC,20260929_0000010,USGS,pr71535043,0,0.01,0.04
EMSC,20260929_0000341,USGS,us6000tzrz,0,0.0,0.1
EMSC,20260929_0000340,USGS,us6000tzrx,0,0.0,0.1
EMSC,20260929_0000036,USGS,us6000ty9j,1,9.48,0.0
EMSC,20260929_0000008,USGS,us6000ty9i,1,5.72,0.0
EMSC,20260928_0000295,USGS,us6000ty8z,0,0.0,0.0
EMSC,20260928_0000326,USGS,us6000ty8y,0,0.0,0.0
EMSC,20260928_0000337,USGS,us6000tyhm,0,1.07,0.1
EMSC,20260928_0000292,USGS,aka2026tgirii,1,5.68,0.0
EMSC,20260928_0000338,USGS,us6000tyib,2,10.53,0.0
EMSC,20260928_0000261,USGS,us6000ty7u,2,12.48,0.0
EMSC,20260928_0000259,USGS,pr71535013,0,0.0,0.01
EMSC,20260928_0000343,USGS,aka2026tgehdh,0,9.21,0.0
EMSC,20260928_0000249,USGS,us6000ty73,0,4.89,0.0
EMSC,20260928_0000240,USGS,us6000ty71,0,6.11,0.0
EMSC,20260928_0000275,USGS,aka2026tgbcma,0,2.19,0.0
EMSC,20260928_0000226,USGS,aka2026tfzjzc,0,9.7,0.0
EMSC,20260928_0000215,USGS,us6000ty5m,0,6.62,0.0
EMSC,20260928_0000210,USGS,aka2026tfvugv,0,6.4,0.0
EMSC,20260928_0000216,USGS,us6000ty5h,1,9.89,0.0
EMSC,20260928_0000225,USGS,us6000ty5f,0,0.0,0.0
EMSC,20260928_0000209,USGS,us6000ty5b,0,11.86,0.0
EMSC,20260928_0000219,USGS,us6000ty59,0,0.0,0.0
EMSC,20260928_0000183,USGS,us6000ty57,0,4.16,0.0
EMSC,20260928_0000181,USGS,aka2026tfsled,0,0.0,0.0
EMSC,20260928_0000173,USGS,us6000ty4w,0,12.51,0.0
EMSC,20260928_0000161,USGS,aka2026tfplzt,0,0.0,0.0
EMSC,20260928_0000158,USGS,hv75044597,0,0.0,0.02
EMSC,20260928_0000336,USGS,aka2026tfojkt,0,0.0,0.0
EMSC,20260928_0000335,USGS,aka2026tfoaya,0,0.0,0.0
EMSC,20260928_0000145,USGS,pr71534978,0,0.0,0.04
EMSC,20260928_0000125,USGS,us6000ty43,0,4.12,0.0
EMSC,20260928_0000121,USGS,us6000ty3z,0,2.05,0.0
EMSC,20260928_0000106,USGS,pr71534948,0,0.0,0.03
EMSC,20260928_0000100,USGS,us6000ty3k,0,3.95,0.0
EMSC,20260928_0000111,USGS,us6000ty3c,2,13.66,0.0
EMSC,20260928_0000079,USGS,nn00924977,0,6.6,0.2
EMSC,20260928_0000081,USGS,us6000ty38,0,10.27,0.0
EMSC,20260928_0000088,USGS,us6000ty36,8,28.15,0.0
EMSC,20260928_0000088,USGS,us6000ty3a,2,4.7,0.3
EMSC,20260928_0000208,USGS,aka2026tfdfhc,0,3.15,0.0
EMSC,20260928_0000080,USGS,us6000ty33,1,5.93,0.0
EMSC,20260928_0000063,USGS,us6000ty2w,0,12.24,0.0
EMSC,20260928_0000064,USGS,us6000ty2y,1,12.98,0.0
EMSC,20260928_0000060,USGS,us6000ty2u,2,6.09,0.0
EMSC,20260928_0000057,USGS,pr71534903,0,0.0,0.01
EMSC,20260928_0000049,USGS,aka2026tezneu,1,8.93,0.0
EMSC,20260928_0000046,USGS,us6000ty2e,1,9.42,0.0
EMSC,20260928_0000043,USGS,us6000ty2b,0,14.37,0.0
EMSC,20260928_0000095,USGS,us6000ty3j,0,0.0,0.0
EMSC,20260928_0000038,USGS,us6000ty27,1,0.71,0.0
EMSC,20260928_0000092,USGS,tx2026tbsorg,0,0.0,0.1
EMSC,20260928_0000018,USGS,pr71534883,0,9.28,0.23
EMSC,20260928_0000014,USGS,aka2026teuaqx,0,0.0,0.0
EMSC,20260928_0000019,USGS,us6000ty1l,0,9.56,0.0
EMSC,20260928_0000053,USGS,us6000ty1m,0,0.0,0.0
EMSC,20260928_0000347,USGS,us6000tzr9,0,0.0,0.0
EMSC,20260928_0000035,USGS,us6000ty1j,0,12.23,0.0
EMSC,20260928_0000346,USGS,us6000tzq3,0,0.0,0.0
EMSC,20260928_0000276,USGS,us6000ty8e,2,16.95,0.1
EMSC,20260927_0000323,USGS,us6000ty1a,0,0.0,0.0
EMSC,20260927_0000322,USGS,tx2026tbppja,0,0.0,0.0
EMSC,20260927_0000361,USGS,us6000ty11,0,0.0,0.0
EMSC,20260927_0000360,USGS,us6000tz6l,0,0.0,0.0
EMSC,20260927_0000331,USGS,us6000ty2n,1,6.02,0.0
EMSC,20260927_0000291,USGS,us6000ty0u,2,10.94,0.0
EMSC,20260927_0000287,USGS,aka2026tenrvu,0,2.35,0.0
EMSC,20260927_0000285,USGS,us6000ty0q,0,3.99,0.0
EMSC,20260927_0000330,USGS,us6000ty2m,1,11.84,0.2
EMSC,20260927_0000284,USGS,us6000ty0j,2,7.84,0.0
EMSC,20260927_0000282,USGS,us6000ty0g,0,5.16,0.0
EMSC,20260927_0000278,USGS,us6000ty0e,0,1.6,0.1
EMSC,20260927_0000258,USGS,us6000ty06,0,0.0,0.0
EMSC,20260927_0000332,USGS,us6000ty2q,0,8.19,0.0
EMSC,20260927_0000357,USGS,us6000tz6g,0,0.0,0.0
EMSC,20260927_0000251,USGS,us6000ty01,0,3.73,0.1
EMSC,20260927_0000359,USGS,us6000tz6f,0,0.0,0.0
EMSC,20260927_0000358,USGS,us6000ty10,0,0.0,0.0
EMSC,20260927_0000354,USGS,av94451631,0,0.0,0.03
EMSC,20260927_0000214,USGS,aka2026tedvrp,0,7.9,0.0
EMSC,20260927_0000209,USGS,us6000txzj,0,5.51,0.0
EMSC,20260927_0000204,USGS,us6000txze,0,0.0,0.0
EMSC,20260927_0000197,USGS,aka2026tebiel,0,3.8,0.0
EMSC,20260927_0000355,USGS,us6000tyt8,0,0.0,0.0
EMSC,20260927_0000195,USGS,ci41339927,1,0.0,0.05
EMSC,20260927_0000185,USGS,nc75443112,0,0.0,0.03
EMSC,20260927_0000177,USGS,nc75443097,0,0.0,0.12
EMSC,20260927_0000155,USGS,hv75044217,0,0.0,0.29
EMSC,20260927_0000149,USGS,aka2026tdvrey,1,3.81,0.0
EMSC,20260927_0000156,USGS,ok2026syjv,0,0.0,0.06
EMSC,20260927_0000125,USGS,us6000txyf,1,6.05,0.0
EMSC,20260927_0000119,USGS,us6000txyd,1,7.46,0.0
EMSC,20260927_0000121,USGS,us6000txye,3,7.16,0.0
EMSC,20260927_0000113,USGS,us6000txya,0,9.26,0.0
EMSC,20260927_0000363,USGS,aka2026tdoria,0,0.0,0.0
EMSC,20260927_0000098,USGS,nn00924954,0,0.0,0.0
EMSC,20260927_0000091,USGS,nn00924951,1,6.73,0.14
EMSC,20260927_0000086,USGS,us6000txxm,1,4.89,0.0
EMSC,20260927_0000081,USGS,nn00924939,0,0.0,0.0
EMSC,20260927_0000079,USGS,nn00924934,0,0.0,0.07
EMSC,20260927_0000078,USGS,nn00924930,0,9.18,0.03
EMSC,20260927_0000067,USGS,aka2026tdjhdl,0,3.01,0.0
EMSC,20260927_0000080,USGS,us6000txwz,0,0.0,0.0
EMSC,20260927_0000362,USGS,aka2026tdghkg,0,0.0,0.0
EMSC,20260927_0000052,USGS,us6000txwy,0,0.0,0.0
EMSC,20260927_0000044,USGS,us6000txwk,4,1.83,0.0
EMSC,20260927_0000043,USGS,aka2026tddduk,0,5.47,0.0
EMSC,20260927_0000041,USGS,us6000txwf,1,25.75,0.0
EMSC,20260927_0000340,USGS,uu80158051,0,0.0,0.01
EMSC,20260927_0000040,USGS,aka2026tdbbzi,0,9.46,0.0
EMSC,20260927_0000028,USGS,us6000txw5,1,9.3,0.0
EMSC,20260927_0000016,USGS,us6000txvu,2,21.56,0.0
EMSC,20260927_0000007,USGS,us6000txvq,0,0.0,0.5
