actualizado_utc,estado,eventos_publicados,igp_historico,emsc,usgs,duplicados_eliminados,ultimo_igp_id,ultimo_emsc_id,ultimo_usgs_id
2026-10-04T13:55:12.733807+00:00,OK,2152,23,2097,475,443,2026-713,20261004_0000191,aka2026tqvifo
2026-10-04T13:56:53.625844+00:00,OK,2152,23,2097,475,443,2026-713,20261004_0000191,aka2026tqvifo
2026-10-04T14:00:27.865460+00:00,OK,2152,23,2097,475,443,2026-713,20261004_0000191,aka2026tqvifo
2026-10-04T14:05:12.821846+00:00,OK,2152,23,2097,474,442,2026-713,20261004_0000198,aka2026tqvifo
2026-10-04T14:10:15.024761+00:00,OK,2164,23,2109,474,442,2026-713,20261004_0000198,aka2026tqvifo
2026-10-04T14:15:19.791959+00:00,OK,2163,23,2108,473,441,2026-713,20261004_0000216,aka2026tqvifo
2026-10-04T14:20:17.441401+00:00,OK,2164,23,2109,473,441,2026-713,20261004_0000216,aka2026tqvifo
2026-10-04T14:25:14.824387+00:00,OK,2168,23,2113,473,441,2026-713,20261004_0000219,aka2026tqvifo
2026-10-04T14:30:17.846942+00:00,OK,2168,23,2113,474,442,2026-713,20261004_0000222,us6000tzj8
2026-10-04T14:35:14.666272+00:00,OK,2167,23,2112,473,441,2026-713,20261004_0000222,us6000tzj8
2026-10-04T14:40:15.917851+00:00,OK,2165,23,2110,472,440,2026-713,20261004_0000222,us6000tzj8
2026-10-04T14:45:14.087572+00:00,OK,2165,23,2110,472,440,2026-713,20261004_0000222,us6000tzj8
2026-10-04T14:50:14.986262+00:00,OK,2164,23,2109,472,440,2026-713,20261004_0000222,us6000tzj8
