YEAR, MON, DAY, HOUR, MIN, DEP, MAG, LAT, LONG, URL   // IGP Peru cumulative history
2026,10,5,10,32,95.0,4.2,-16.190000,-72.740000,10,https://ultimosismo.igp.gob.pe/evento/2026-717
2026,10,5,00,50,10.0,3.5,-10.560000,-75.390000,10,https://ultimosismo.igp.gob.pe/evento/2026-716
2026,10,4,23,03,11.0,3.5,-15.700000,-71.960000,10,https://ultimosismo.igp.gob.pe/evento/2026-715
2026,10,4,21,08,14.0,3.5,-9.490000,-75.890000,10,https://ultimosismo.igp.gob.pe/evento/2026-714
2026,10,4,08,57,39.0,4.5,-3.050000,-80.300000,10,https://ultimosismo.igp.gob.pe/evento/2026-713
2026,10,4,08,27,14.0,3.5,-9.840000,-75.540000,10,https://ultimosismo.igp.gob.pe/evento/2026-712
2026,10,4,08,14,34.0,3.7,-4.340000,-81.310000,10,https://ultimosismo.igp.gob.pe/evento/2026-711
2026,10,2,23,05,111.0,3.6,-11.770000,-76.600000,10,https://ultimosismo.igp.gob.pe/evento/2026-710
2026,10,2,16,54,97.0,3.3,-11.870000,-76.660000,10,https://ultimosismo.igp.gob.pe/evento/2026-709
2026,10,2,15,27,20.0,3.5,-4.310000,-77.930000,10,https://ultimosismo.igp.gob.pe/evento/2026-708
2026,10,2,12,33,121.0,4.0,-10.530000,-73.900000,10,https://ultimosismo.igp.gob.pe/evento/2026-707
2026,10,2,10,13,56.0,4.0,-8.160000,-79.380000,10,https://ultimosismo.igp.gob.pe/evento/2026-706
2026,10,2,06,14,106.0,4.1,-8.060000,-78.760000,10,https://ultimosismo.igp.gob.pe/evento/2026-705
2026,10,1,23,35,32.0,3.9,-18.030000,-71.530000,10,https://ultimosismo.igp.gob.pe/evento/2026-704
2026,9,30,18,29,59.0,3.5,-11.810000,-77.230000,10,https://ultimosismo.igp.gob.pe/evento/2026-703
2026,9,30,16,12,28.0,4.0,-12.400000,-77.750000,10,https://ultimosismo.igp.gob.pe/evento/2026-702
2026,9,30,14,25,11.0,3.5,-10.770000,-73.640000,10,https://ultimosismo.igp.gob.pe/evento/2026-701
2026,9,30,08,52,58.0,3.5,-11.800000,-77.420000,10,https://ultimosismo.igp.gob.pe/evento/2026-700
2026,9,30,01,52,11.0,3.4,-17.520000,-69.830000,10,https://ultimosismo.igp.gob.pe/evento/2026-699
2026,9,29,18,01,13.0,3.5,-5.740000,-78.720000,10,https://ultimosismo.igp.gob.pe/evento/2026-698
2026,9,29,10,22,150.0,5.2,-3.230000,-75.880000,10,https://ultimosismo.igp.gob.pe/evento/2026-697
2026,9,28,18,33,9.0,3.3,-15.770000,-71.860000,10,https://ultimosismo.igp.gob.pe/evento/2026-696
2026,9,26,21,44,13.0,3.5,-15.720000,-71.980000,10,https://ultimosismo.igp.gob.pe/evento/2026-695
2026,9,26,19,30,14.0,3.5,-10.640000,-75.570000,10,https://ultimosismo.igp.gob.pe/evento/2026-694
2026,9,25,17,35,11.0,3.3,-17.120000,-70.660000,10,https://ultimosismo.igp.gob.pe/evento/2026-693
2026,9,25,04,26,46.0,4.4,-11.470000,-77.850000,10,https://ultimosismo.igp.gob.pe/evento/2026-692
2026,9,25,01,50,14.0,3.9,-6.280000,-76.140000,10,https://ultimosismo.igp.gob.pe/evento/2026-691
