YEAR, MON, DAY, HOUR, MIN, DEP, MAG, LAT, LONG, URL   // CSV Feed Source: IGP CENSIS Peru 7 Day
2026,10,2,16,54,97,3.3,-11.870000,-76.660000,10,https://ultimosismo.igp.gob.pe/evento/2026-709
2026,10,2,15,27,20,3.5,-4.310000,-77.930000,10,https://ultimosismo.igp.gob.pe/evento/2026-708
2026,10,2,12,33,121,4,-10.530000,-73.900000,10,https://ultimosismo.igp.gob.pe/evento/2026-707
2026,10,2,10,13,56,4,-8.160000,-79.380000,10,https://ultimosismo.igp.gob.pe/evento/2026-706
2026,10,2,06,14,106,4.1,-8.060000,-78.760000,10,https://ultimosismo.igp.gob.pe/evento/2026-705
2026,10,1,23,35,32,3.9,-18.030000,-71.530000,10,https://ultimosismo.igp.gob.pe/evento/2026-704
2026,9,30,18,29,59,3.5,-11.810000,-77.230000,10,https://ultimosismo.igp.gob.pe/evento/2026-703
2026,9,30,16,12,28,4,-12.400000,-77.750000,10,https://ultimosismo.igp.gob.pe/evento/2026-702
2026,9,30,14,25,11,3.5,-10.770000,-73.640000,10,https://ultimosismo.igp.gob.pe/evento/2026-701
2026,9,30,08,52,58,3.5,-11.800000,-77.420000,10,https://ultimosismo.igp.gob.pe/evento/2026-700
2026,9,30,01,52,11,3.4,-17.520000,-69.830000,10,https://ultimosismo.igp.gob.pe/evento/2026-699
2026,9,29,18,01,13,3.5,-5.740000,-78.720000,10,https://ultimosismo.igp.gob.pe/evento/2026-698
2026,9,29,10,22,150,5.2,-3.230000,-75.880000,10,https://ultimosismo.igp.gob.pe/evento/2026-697
2026,9,28,18,33,9,3.3,-15.770000,-71.860000,10,https://ultimosismo.igp.gob.pe/evento/2026-696
2026,9,26,21,44,13,3.5,-15.720000,-71.980000,10,https://ultimosismo.igp.gob.pe/evento/2026-695
2026,9,26,19,30,14,3.5,-10.640000,-75.570000,10,https://ultimosismo.igp.gob.pe/evento/2026-694
