id,datetime_utc,depth_km,magnitude,latitude,longitude,country,place,url,source
2026-727,2026-10-10T18:14:29+00:00,42.0,3.5,-16.61,-72.66,Perú,"5 km al E de Camaná, Camaná - Arequipa",https://ultimosismo.igp.gob.pe/evento/2026-727,IGP
2026-726,2026-10-09T10:55:25+00:00,107.0,4.2,-16.27,-72.26,Perú,"33 km al SE de Aplao, Castilla - Arequipa",https://ultimosismo.igp.gob.pe/evento/2026-726,IGP
2026-725,2026-10-09T05:16:13+00:00,15.0,3.7,-4.37,-77.99,Perú,"28 km al NO de Santa María de Nieva, Condorcanqui - Amazonas",https://ultimosismo.igp.gob.pe/evento/2026-725,IGP
2026-724,2026-10-08T06:42:22+00:00,14.0,3.5,-15.68,-72.09,Perú,"6 km al N de Huambo, Caylloma - Arequipa",https://ultimosismo.igp.gob.pe/evento/2026-724,IGP
2026-723,2026-10-07T20:51:30+00:00,15.0,3.4,-11.49,-74.59,Perú,"13 km al SO de San Martín de Pangoa, Satipo - Junín",https://ultimosismo.igp.gob.pe/evento/2026-723,IGP
2026-722,2026-10-07T08:42:38+00:00,9.0,3.3,-12.23,-75.3,Perú,"19 km al S de Chupaca, Chupaca - Junín",https://ultimosismo.igp.gob.pe/evento/2026-722,IGP
2026-721,2026-10-07T06:16:38+00:00,53.0,3.8,-14.31,-75.8,Perú,"28 km al S de Ica, Ica - Ica",https://ultimosismo.igp.gob.pe/evento/2026-721,IGP
2026-720,2026-10-07T04:43:06+00:00,11.0,3.3,-12.17,-75.32,Perú,"13 km al S de Chupaca, Chupaca - Junín",https://ultimosismo.igp.gob.pe/evento/2026-720,IGP
2026-719,2026-10-05T21:23:20+00:00,18.0,3.8,-8.7,-79.89,Perú,"114 km al SO de Salaverry, Trujillo - La Libertad",https://ultimosismo.igp.gob.pe/evento/2026-719,IGP
2026-718,2026-10-05T20:24:38+00:00,59.0,3.7,-12.05,-77.27,Perú,"17 km al O de Callao, Provincia Constitucional del Callao",https://ultimosismo.igp.gob.pe/evento/2026-718,IGP
2026-717,2026-10-05T10:32:49+00:00,95.0,4.2,-16.19,-72.74,Perú,"29 km al SO de Aplao, Castilla - Arequipa",https://ultimosismo.igp.gob.pe/evento/2026-717,IGP
2026-716,2026-10-05T00:50:19+00:00,10.0,3.5,-10.56,-75.39,Perú,"2 km al NE de Oxapampa, Oxapampa - Pasco",https://ultimosismo.igp.gob.pe/evento/2026-716,IGP
2026-715,2026-10-04T23:03:06+00:00,11.0,3.5,-15.7,-71.96,Perú,"9 km al S de Cabanaconde, Caylloma - Arequipa",https://ultimosismo.igp.gob.pe/evento/2026-715,IGP
2026-714,2026-10-04T21:08:00+00:00,14.0,3.5,-9.49,-75.89,Perú,"26 km al SE de Tingo María, Leoncio Prado - Huánuco",https://ultimosismo.igp.gob.pe/evento/2026-714,IGP
2026-713,2026-10-04T08:57:19+00:00,39.0,4.5,-3.05,-80.3,Perú,"50 km al N de Zarumilla, Zarumilla - Tumbes",https://ultimosismo.igp.gob.pe/evento/2026-713,IGP
2026-712,2026-10-04T08:27:19+00:00,14.0,3.5,-9.84,-75.54,Perú,"21 km al SO de Codo del Pozuzo, Puerto Inca - Huánuco",https://ultimosismo.igp.gob.pe/evento/2026-712,IGP
2026-711,2026-10-04T08:14:10+00:00,34.0,3.7,-4.34,-81.31,Perú,"27 km al N de Talara, Talara - Piura",https://ultimosismo.igp.gob.pe/evento/2026-711,IGP
2026-710,2026-10-02T23:05:53+00:00,111.0,3.6,-11.77,-76.6,Perú,"18 km al N de Ricardo Palma, Huarochirí - Lima",https://ultimosismo.igp.gob.pe/evento/2026-710,IGP
2026-709,2026-10-02T16:54:59+00:00,97.0,3.3,-11.87,-76.66,Perú,"6 km al N de Ricardo Palma, Huarochirí - Lima",https://ultimosismo.igp.gob.pe/evento/2026-709,IGP
2026-708,2026-10-02T15:27:09+00:00,20.0,3.5,-4.31,-77.93,Perú,"32 km al N de Santa María de Nieva, Condorcanqui - Amazonas",https://ultimosismo.igp.gob.pe/evento/2026-708,IGP
2026-707,2026-10-02T12:33:08+00:00,121.0,4.0,-10.53,-73.9,Perú,"27 km al NO de Atalaya, Atalaya - Ucayali",https://ultimosismo.igp.gob.pe/evento/2026-707,IGP
2026-706,2026-10-02T10:13:19+00:00,56.0,4.0,-8.16,-79.38,Perú,"39 km al O de Trujillo, Trujillo - La Libertad",https://ultimosismo.igp.gob.pe/evento/2026-706,IGP
2026-705,2026-10-02T06:14:44+00:00,106.0,4.1,-8.06,-78.76,Perú,"28 km al SO de Otuzco, Otuzco - La Libertad",https://ultimosismo.igp.gob.pe/evento/2026-705,IGP
2026-704,2026-10-01T23:35:03+00:00,32.0,3.9,-18.03,-71.53,Perú,"47 km al SO de Ilo, Ilo - Moquegua",https://ultimosismo.igp.gob.pe/evento/2026-704,IGP
2026-703,2026-09-30T18:29:16+00:00,59.0,3.5,-11.81,-77.23,Perú,"8 km al SO de Ancón, Lima - Lima",https://ultimosismo.igp.gob.pe/evento/2026-703,IGP
2026-702,2026-09-30T16:12:38+00:00,28.0,4.0,-12.4,-77.75,Perú,"79 km al SO de Callao, Provincia Constitucional del Callao",https://ultimosismo.igp.gob.pe/evento/2026-702,IGP
2026-701,2026-09-30T14:25:25+00:00,11.0,3.5,-10.77,-73.64,Perú,"13 km al E de Atalaya, Atalaya - Ucayali",https://ultimosismo.igp.gob.pe/evento/2026-701,IGP
2026-700,2026-09-30T08:52:59+00:00,58.0,3.5,-11.8,-77.42,Perú,"27 km al O de Ancón, Lima - Lima",https://ultimosismo.igp.gob.pe/evento/2026-700,IGP
2026-699,2026-09-30T01:52:21+00:00,11.0,3.4,-17.52,-69.83,Perú,"22 km al E de Tarata, Tarata - Tacna",https://ultimosismo.igp.gob.pe/evento/2026-699,IGP
2026-698,2026-09-29T18:01:39+00:00,13.0,3.5,-5.74,-78.72,Perú,"10 km al E de Jaén, Jaén - Cajamarca",https://ultimosismo.igp.gob.pe/evento/2026-698,IGP
2026-697,2026-09-29T10:22:13+00:00,150.0,5.2,-3.23,-75.88,Perú,"67 km al NE de Andoas, Datem del Marañón - Loreto",https://ultimosismo.igp.gob.pe/evento/2026-697,IGP
2026-696,2026-09-28T18:33:50+00:00,9.0,3.3,-15.77,-71.86,Perú,"17 km al SO de Maca, Caylloma - Arequipa",https://ultimosismo.igp.gob.pe/evento/2026-696,IGP
2026-695,2026-09-26T21:44:41+00:00,13.0,3.5,-15.72,-71.98,Perú,"11 km al S de Cabanaconde, Caylloma - Arequipa",https://ultimosismo.igp.gob.pe/evento/2026-695,IGP
2026-694,2026-09-26T19:30:59+00:00,14.0,3.5,-10.64,-75.57,Perú,"20 km al O de Oxapampa, Oxapampa - Pasco",https://ultimosismo.igp.gob.pe/evento/2026-694,IGP
2026-693,2026-09-25T17:35:13+00:00,11.0,3.3,-17.12,-70.66,Perú,"20 km al E de Torata, Mariscal Nieto - Moquegua",https://ultimosismo.igp.gob.pe/evento/2026-693,IGP
2026-692,2026-09-25T04:26:28+00:00,46.0,4.4,-11.47,-77.85,Perú,"48 km al SO de Huacho, Huaura - Lima",https://ultimosismo.igp.gob.pe/evento/2026-692,IGP
2026-691,2026-09-25T01:50:06+00:00,14.0,3.9,-6.28,-76.14,Perú,"33 km al NE de San Antonio, San Martín - San Martín",https://ultimosismo.igp.gob.pe/evento/2026-691,IGP
