fecha_revision_utc,fuente,id_evento,campo_modificado,valor_anterior,valor_nuevo,fecha_primera_recepcion,fecha_ultima_revision
2026-10-04T20:40:14.706136+00:00,EMSC,20261004_0000312,fecha_hora_utc,2026-10-04T20:27:22.010000+00:00,2026-10-04T20:27:14.320000+00:00,2026-10-04T20:35:13.337457+00:00,2026-10-04T20:40:14.706136+00:00
2026-10-04T20:40:14.706136+00:00,EMSC,20261004_0000312,magnitud,5.0,4.9,2026-10-04T20:35:13.337457+00:00,2026-10-04T20:40:14.706136+00:00
2026-10-04T20:40:14.706136+00:00,EMSC,20261004_0000312,profundidad_km,190.0,125.0,2026-10-04T20:35:13.337457+00:00,2026-10-04T20:40:14.706136+00:00
2026-10-04T20:40:14.706136+00:00,EMSC,20261004_0000312,latitud,36.621,36.645,2026-10-04T20:35:13.337457+00:00,2026-10-04T20:40:14.706136+00:00
2026-10-04T20:40:14.706136+00:00,EMSC,20261004_0000312,longitud,70.9997,71.1464,2026-10-04T20:35:13.337457+00:00,2026-10-04T20:40:14.706136+00:00
2026-10-04T20:45:49.684063+00:00,EMSC,20261004_0000312,fecha_hora_utc,2026-10-04T20:27:14.320000+00:00,2026-10-04T20:27:25.597000+00:00,2026-10-04T20:35:13.337457+00:00,2026-10-04T20:45:49.684063+00:00
2026-10-04T20:45:49.684063+00:00,EMSC,20261004_0000312,magnitud,4.9,4.8,2026-10-04T20:35:13.337457+00:00,2026-10-04T20:45:49.684063+00:00
2026-10-04T20:45:49.684063+00:00,EMSC,20261004_0000312,profundidad_km,125.0,248.9,2026-10-04T20:35:13.337457+00:00,2026-10-04T20:45:49.684063+00:00
2026-10-04T20:45:49.684063+00:00,EMSC,20261004_0000312,latitud,36.645,36.611,2026-10-04T20:35:13.337457+00:00,2026-10-04T20:45:49.684063+00:00
2026-10-04T20:45:49.684063+00:00,EMSC,20261004_0000312,longitud,71.1464,71.0216,2026-10-04T20:35:13.337457+00:00,2026-10-04T20:45:49.684063+00:00
2026-10-04T22:25:13.527660+00:00,EMSC,20261004_0000342,fecha_hora_utc,2026-10-04T22:17:07.785172+00:00,2026-10-04T22:17:07.220000+00:00,2026-10-04T22:20:17.154921+00:00,2026-10-04T22:25:13.527660+00:00
2026-10-04T22:30:18.339339+00:00,EMSC,20261004_0000342,fecha_hora_utc,2026-10-04T22:17:07.220000+00:00,2026-10-04T22:17:06.170000+00:00,2026-10-04T22:20:17.154921+00:00,2026-10-04T22:30:18.339339+00:00
2026-10-04T22:30:18.339339+00:00,EMSC,20261004_0000342,profundidad_km,5.0,12.1,2026-10-04T22:20:17.154921+00:00,2026-10-04T22:30:18.339339+00:00
2026-10-04T22:30:18.339339+00:00,EMSC,20261004_0000342,latitud,38.6992,38.7007,2026-10-04T22:20:17.154921+00:00,2026-10-04T22:30:18.339339+00:00
2026-10-04T22:30:18.339339+00:00,EMSC,20261004_0000342,longitud,23.4258,23.4013,2026-10-04T22:20:17.154921+00:00,2026-10-04T22:30:18.339339+00:00
2026-10-04T22:34:36.087403+00:00,EMSC,20261004_0000342,fecha_hora_utc,2026-10-04T22:17:06.170000+00:00,2026-10-04T22:17:06.090000+00:00,2026-10-04T22:20:17.154921+00:00,2026-10-04T22:34:36.087403+00:00
2026-10-04T23:05:14.130062+00:00,EMSC,20261004_0000355,fecha_hora_utc,2026-10-04T22:51:29+00:00,2026-10-04T22:51:29.100000+00:00,2026-10-04T22:57:30.270620+00:00,2026-10-04T23:05:14.130062+00:00
2026-10-04T23:05:14.130062+00:00,EMSC,20261004_0000355,magnitud,4.0,4.1,2026-10-04T22:57:30.270620+00:00,2026-10-04T23:05:14.130062+00:00
2026-10-04T23:05:14.130062+00:00,EMSC,20261004_0000355,profundidad_km,7.0,5.0,2026-10-04T22:57:30.270620+00:00,2026-10-04T23:05:14.130062+00:00
2026-10-04T23:05:14.130062+00:00,EMSC,20261004_0000355,latitud,37.7583,37.769,2026-10-04T22:57:30.270620+00:00,2026-10-04T23:05:14.130062+00:00
2026-10-04T23:05:14.130062+00:00,EMSC,20261004_0000355,longitud,36.0965,36.0837,2026-10-04T22:57:30.270620+00:00,2026-10-04T23:05:14.130062+00:00
2026-10-05T00:20:14.804449+00:00,EMSC,20261005_0000001,fecha_hora_utc,2026-10-05T00:15:24.644583+00:00,2026-10-05T00:15:24.590000+00:00,2026-10-05T00:17:48.760403+00:00,2026-10-05T00:20:14.804449+00:00
2026-10-05T00:40:15.407448+00:00,USGS,us6000tzl0,fecha_hora_utc,2026-10-04T22:13:27.981000+00:00,2026-10-04T22:13:26.165000+00:00,2026-10-04T23:00:20.384513+00:00,2026-10-05T00:40:15.407448+00:00
2026-10-05T00:40:15.407448+00:00,USGS,us6000tzl0,magnitud,3.5,4.2,2026-10-04T23:00:20.384513+00:00,2026-10-05T00:40:15.407448+00:00
2026-10-05T00:40:15.407448+00:00,USGS,us6000tzl0,latitud,44.6508,44.6317,2026-10-04T23:00:20.384513+00:00,2026-10-05T00:40:15.407448+00:00
2026-10-05T00:40:15.407448+00:00,USGS,us6000tzl0,longitud,-128.7898,-128.9457,2026-10-04T23:00:20.384513+00:00,2026-10-05T00:40:15.407448+00:00
2026-10-05T02:19:13.081176+00:00,EMSC,20261005_0000032,fecha_hora_utc,2026-10-05T02:04:04.870000+00:00,2026-10-05T02:04:05.400000+00:00,2026-10-05T02:15:14.497358+00:00,2026-10-05T02:19:13.081176+00:00
2026-10-05T02:19:13.081176+00:00,EMSC,20261005_0000032,magnitud,3.0,3.3,2026-10-05T02:15:14.497358+00:00,2026-10-05T02:19:13.081176+00:00
2026-10-05T02:19:13.081176+00:00,EMSC,20261005_0000032,latitud,44.5714,44.5535,2026-10-05T02:15:14.497358+00:00,2026-10-05T02:19:13.081176+00:00
2026-10-05T02:19:13.081176+00:00,EMSC,20261005_0000032,longitud,10.5797,10.5087,2026-10-05T02:15:14.497358+00:00,2026-10-05T02:19:13.081176+00:00
